Model Name,MAE,MAPE,RMSE
Random Forest Regressor,832.517078977071,0.12069648841972619,1284.0947740941465
XGBoost Regressor,903.1753145539402,0.1282650067424905,1304.7007445730205
Average Model,1435.1665048719155,0.21364796241512,1940.458462251021
Linear Regression,1938.0507564696868,0.3149428584356102,2670.0709108431356
Linear Regression - Lasso,1923.4557005306237,0.29945437481933146,2724.2444818010745
