Model Name,MAE,MAPE,RMSE
Random Forest Regressor,802.7560849941838,0.11651787409051785,1217.9966025159706
XGBoost Regressor,856.0285824776274,0.12172558940895097,1241.0398687841116
Average Model,1435.1665048719155,0.21364796241512,1940.458462251021
Linear Regression,1948.0093598719388,0.31499266907606405,2701.059511905183
Linear Regression - Lasso,1920.550608569019,0.2989335134757193,2720.0711563679474
