Model Name,MAE,MAPE,RMSE
XGBoost Regressor,691.7314434654102,0.10296546567392097,977.6022223255144
