Model Name,MAE,MAPE,RMSE
XGBoost Regressor,730.224346146934,0.1087706271226423,1033.1285080358034
